[
  {
    "outputFileName": "wwwroot/css/siteplusbootstrap.css",
    "inputFiles": [
      "wwwroot/lib/bootstrap/dist/css/bootstrap.css",
      "wwwroot/css/site.css"
    ],
    "minify": {
      "enabled": true
    }
  },
  {
    "outputFileName": "wwwroot/css/siteplusbootstrap-dark.css",
    "inputFiles": [
      "wwwroot/lib/bootstrap/dist/css/bootstrap-dark.css",
      "wwwroot/css/site.css"
    ],
    "minify": {
      "enabled": true
    }
  },

  {
    "outputFileName": "wwwroot/js/site.min.js",
    "inputFiles": [
      "wwwroot/js/site.js"
    ],
    "minify": {
      "enabled": true,
      "renameLocals": true
    },
    "sourceMap": false
  }

]

