{
  "dependencies": {
    "mssql4": {
      "serviceConnectorResourceId": "",
      "secretStore": "LocalSecretsFile",
      "resourceId": null,
      "type": "mssql.onprem",
      "connectionId": "ConnectionStrings:Forum.Cache"
    },
    "mssql3": {
      "serviceConnectorResourceId": "",
      "secretStore": "LocalSecretsFile",
      "resourceId": null,
      "type": "mssql.onprem",
      "connectionId": "ConnectionStrings:Forum.Data"
    },
    "mssql2": {
      "serviceConnectorResourceId": "",
      "secretStore": "LocalSecretsFile",
      "resourceId": null,
      "type": "mssql.onprem",
      "connectionId": "ConnectionStrings:Forum.Users"
    }
  }
}